<keymap version="1" name="Default copy" parent="$default">
  <action id="ActivateDatabaseToolWindow">
    <keyboard-shortcut first-keystroke="ctrl 0" />
  </action>
  <action id="Back">
    <keyboard-shortcut first-keystroke="alt left" />
  </action>
  <action id="CloseContent">
    <keyboard-shortcut first-keystroke="ctrl f4" />
    <keyboard-shortcut first-keystroke="ctrl w" />
  </action>
  <action id="Compile" />
  <action id="DebugClass">
    <keyboard-shortcut first-keystroke="shift ctrl f9" />
  </action>
  <action id="Diff.NextChange" />
  <action id="Diff.PrevChange" />
  <action id="EditorCodeBlockEnd" />
  <action id="EditorCodeBlockStart" />
  <action id="EditorLineEnd">
    <keyboard-shortcut first-keystroke="end" />
    <keyboard-shortcut first-keystroke="ctrl alt right" />
  </action>
  <action id="EditorLineEndWithSelection">
    <keyboard-shortcut first-keystroke="shift end" />
    <keyboard-shortcut first-keystroke="shift ctrl alt right" />
  </action>
  <action id="EditorLineStart">
    <keyboard-shortcut first-keystroke="home" />
    <keyboard-shortcut first-keystroke="ctrl alt left" />
  </action>
  <action id="EditorLineStartWithSelection">
    <keyboard-shortcut first-keystroke="shift home" />
    <keyboard-shortcut first-keystroke="shift ctrl alt left" />
  </action>
  <action id="EditorSelectWord">
    <keyboard-shortcut first-keystroke="ctrl q" />
  </action>
  <action id="Forward">
    <keyboard-shortcut first-keystroke="alt right" />
  </action>
  <action id="GotoBookmark0" />
  <action id="GuiDesigner.QuickJavadoc">
    <mouse-shortcut keystroke="alt button2" />
  </action>
  <action id="MoveElementLeft" />
  <action id="MoveElementRight" />
  <action id="NextTab">
    <keyboard-shortcut first-keystroke="ctrl close_bracket" />
  </action>
  <action id="PreviousTab">
    <keyboard-shortcut first-keystroke="ctrl open_bracket" />
  </action>
  <action id="QuickJavaDoc">
    <mouse-shortcut keystroke="alt button2" />
  </action>
</keymap>